-- ============================================================
--  Juárez Police Department — FICTIONAL demo/seed data.
--  ALL names, badge numbers, salaries, departments, and neighbourhoods are
--  SYNTHETIC and invented for demonstration only. Any resemblance to real
--  people or units is coincidental. Not real personnel data.
--  Requires hris_schema.sql (CRR tables) to have been run first.
-- ============================================================

-- demo operators (app_user) — fictional
INSERT INTO app_user(id,display_name,pin_hash,active) VALUES('u-coord','Lucía Márquez',NULL,1);
INSERT INTO app_user(id,display_name,pin_hash,active) VALUES('u-planner','Diego Fuentes',NULL,1);
INSERT INTO app_user(id,display_name,pin_hash,active) VALUES('u-analyst','Sofía Herrera',NULL,1);

-- positions
INSERT INTO positions(position_number,title,rank_requirement,term_years,reports_to,detachment,headcount_qty,pay_min,pay_max,job_description,created_by,updated_by,updated_at) VALUES('POS-101','Chief of Police','Chief',5,'Municipal Public Security Council','Zona Centro Headquarters',1,215000,245000,'Provides executive leadership and strategic direction for the Juárez Police Department; accountable to the Municipal Public Security Council for operations, budget, and community trust.','seed','seed',0);
INSERT INTO positions(position_number,title,rank_requirement,term_years,reports_to,detachment,headcount_qty,pay_min,pay_max,job_description,created_by,updated_by,updated_at) VALUES('POS-102','Deputy Chief – Operations','Deputy Chief',5,'POS-101','Zona Centro Headquarters',1,175000,200000,'Oversees all front-line and investigative operations divisions; deputizes for the Chief and leads operational planning, deployment, and inter-agency coordination.','seed','seed',0);
INSERT INTO positions(position_number,title,rank_requirement,term_years,reports_to,detachment,headcount_qty,pay_min,pay_max,job_description,created_by,updated_by,updated_at) VALUES('POS-103','Patrol Inspector','Inspector',4,'POS-102','Zona Centro Headquarters',2,140000,160000,'Commands a patrol division; responsible for shift staffing, performance management of sergeants, and execution of community-policing priorities.','seed','seed',0);
INSERT INTO positions(position_number,title,rank_requirement,term_years,reports_to,detachment,headcount_qty,pay_min,pay_max,job_description,created_by,updated_by,updated_at) VALUES('POS-104','Staff Sergeant – Patrol','Staff Sergeant',4,'POS-103','Anapra District Station',4,120000,135000,'Supervises patrol sergeants and platoon operations; manages scheduling, use-of-force review, and field training oversight for a community station.','seed','seed',0);
INSERT INTO positions(position_number,title,rank_requirement,term_years,reports_to,detachment,headcount_qty,pay_min,pay_max,job_description,created_by,updated_by,updated_at) VALUES('POS-105','Patrol Sergeant','Sergeant',3,'POS-104','Anapra District Station',8,105000,118000,'First-line supervisor for a patrol squad; directs calls for service, mentors constables, and ensures report quality and policy compliance.','seed','seed',0);
INSERT INTO positions(position_number,title,rank_requirement,term_years,reports_to,detachment,headcount_qty,pay_min,pay_max,job_description,created_by,updated_by,updated_at) VALUES('POS-106','Patrol Constable','Constable',5,'POS-105','Anapra District Station',40,72000,102000,'Responds to calls for service, conducts proactive patrol, enforces statutes, and prepares investigative reports and court briefs.','seed','seed',0);
INSERT INTO positions(position_number,title,rank_requirement,term_years,reports_to,detachment,headcount_qty,pay_min,pay_max,job_description,created_by,updated_by,updated_at) VALUES('POS-107','Detective – Major Crimes','Sergeant',3,'POS-103','Zona Centro Headquarters',6,108000,122000,'Leads investigations into homicides, serious assaults, and organized crime; manages evidence, interviews, and Crown disclosure.','seed','seed',0);
INSERT INTO positions(position_number,title,rank_requirement,term_years,reports_to,detachment,headcount_qty,pay_min,pay_max,job_description,created_by,updated_by,updated_at) VALUES('POS-108','School Resource Officer','Constable',3,'POS-105','Zaragoza District Station',5,75000,100000,'Assigned to designated schools to build relationships, deliver safety education, and respond to youth-related incidents.','seed','seed',0);
INSERT INTO positions(position_number,title,rank_requirement,term_years,reports_to,detachment,headcount_qty,pay_min,pay_max,job_description,created_by,updated_by,updated_at) VALUES('POS-109','Traffic Safety Constable','Constable',4,'POS-105','Senecú District Station',10,74000,101000,'Conducts traffic enforcement, collision investigation, and impaired-driving interdiction; supports public-safety campaigns.','seed','seed',0);
INSERT INTO positions(position_number,title,rank_requirement,term_years,reports_to,detachment,headcount_qty,pay_min,pay_max,job_description,created_by,updated_by,updated_at) VALUES('POS-110','Forensic Identification Specialist','Constable',4,'POS-107','Riberas del Bravo Special Operations',3,80000,105000,'Processes major crime scenes, collects and analyzes physical evidence, and provides expert court testimony.','seed','seed',0);
INSERT INTO positions(position_number,title,rank_requirement,term_years,reports_to,detachment,headcount_qty,pay_min,pay_max,job_description,created_by,updated_by,updated_at) VALUES('POS-111','Community Liaison Officer','Constable',2,'POS-104','Anapra District Station',4,73000,99000,'Works with community organizations and vulnerable populations to reduce crime drivers and improve police-community relations.','seed','seed',0);
INSERT INTO positions(position_number,title,rank_requirement,term_years,reports_to,detachment,headcount_qty,pay_min,pay_max,job_description,created_by,updated_by,updated_at) VALUES('POS-112','Recruit Training Sergeant','Sergeant',3,'POS-103','Zona Centro Headquarters',2,106000,119000,'Designs and delivers recruit and in-service training; supervises field-training program and certification standards.','seed','seed',0);

-- officers (fictional)
INSERT INTO officers(badge_number,name,rank,start_date,current_salary,status,created_by,updated_by,updated_at) VALUES(1001,'Alejandra Domínguez','Chief','1996-06-17',232000,'Active','seed','seed',0);
INSERT INTO officers(badge_number,name,rank,start_date,current_salary,status,created_by,updated_by,updated_at) VALUES(1002,'Ricardo Salazar','Deputy Chief','1999-03-01',189000,'Active','seed','seed',0);
INSERT INTO officers(badge_number,name,rank,start_date,current_salary,status,created_by,updated_by,updated_at) VALUES(1003,'Mariana Vega','Inspector','2002-09-12',152000,'Active','seed','seed',0);
INSERT INTO officers(badge_number,name,rank,start_date,current_salary,status,created_by,updated_by,updated_at) VALUES(1004,'Fernando Ríos','Inspector','2003-01-20',148000,'Active','seed','seed',0);
INSERT INTO officers(badge_number,name,rank,start_date,current_salary,status,created_by,updated_by,updated_at) VALUES(1005,'Guadalupe Mendoza','Staff Sergeant','2005-05-09',129000,'Active','seed','seed',0);
INSERT INTO officers(badge_number,name,rank,start_date,current_salary,status,created_by,updated_by,updated_at) VALUES(1006,'Héctor Ballesteros','Staff Sergeant','2006-11-02',126000,'Active','seed','seed',0);
INSERT INTO officers(badge_number,name,rank,start_date,current_salary,status,created_by,updated_by,updated_at) VALUES(1007,'Valeria Ontiveros','Sergeant','2008-04-14',114000,'Active','seed','seed',0);
INSERT INTO officers(badge_number,name,rank,start_date,current_salary,status,created_by,updated_by,updated_at) VALUES(1008,'Sergio Carrasco','Sergeant','2009-07-30',111000,'Active','seed','seed',0);
INSERT INTO officers(badge_number,name,rank,start_date,current_salary,status,created_by,updated_by,updated_at) VALUES(1009,'Diana Cervantes','Sergeant','2010-02-08',116000,'Active','seed','seed',0);
INSERT INTO officers(badge_number,name,rank,start_date,current_salary,status,created_by,updated_by,updated_at) VALUES(1010,'Rodrigo Nájera','Sergeant','2011-10-25',109000,'Active','seed','seed',0);
INSERT INTO officers(badge_number,name,rank,start_date,current_salary,status,created_by,updated_by,updated_at) VALUES(1011,'Paola Escárcega','Constable','2013-06-03',98000,'Active','seed','seed',0);
INSERT INTO officers(badge_number,name,rank,start_date,current_salary,status,created_by,updated_by,updated_at) VALUES(1012,'Iván Quiñones','Constable','2014-08-18',94000,'Active','seed','seed',0);
INSERT INTO officers(badge_number,name,rank,start_date,current_salary,status,created_by,updated_by,updated_at) VALUES(1013,'Lucía Terrazas','Constable','2015-01-12',91000,'Active','seed','seed',0);
INSERT INTO officers(badge_number,name,rank,start_date,current_salary,status,created_by,updated_by,updated_at) VALUES(1014,'Arturo Frías','Constable','2016-09-05',88000,'Active','seed','seed',0);
INSERT INTO officers(badge_number,name,rank,start_date,current_salary,status,created_by,updated_by,updated_at) VALUES(1015,'Brenda Holguín','Constable','2017-03-27',84000,'Active','seed','seed',0);
INSERT INTO officers(badge_number,name,rank,start_date,current_salary,status,created_by,updated_by,updated_at) VALUES(1016,'Manuel Chávez','Constable','2018-11-19',81000,'Active','seed','seed',0);
INSERT INTO officers(badge_number,name,rank,start_date,current_salary,status,created_by,updated_by,updated_at) VALUES(1017,'Karla Bustillos','Constable','2019-05-06',78000,'Active','seed','seed',0);
INSERT INTO officers(badge_number,name,rank,start_date,current_salary,status,created_by,updated_by,updated_at) VALUES(1018,'Óscar Villalobos','Constable','2020-02-24',76000,'Active','seed','seed',0);
INSERT INTO officers(badge_number,name,rank,start_date,current_salary,status,created_by,updated_by,updated_at) VALUES(1019,'Norma Rentería','Constable','2021-07-15',75000,'Active','seed','seed',0);
INSERT INTO officers(badge_number,name,rank,start_date,current_salary,status,created_by,updated_by,updated_at) VALUES(1020,'Javier Aguirre','Constable','2022-01-10',73500,'Active','seed','seed',0);
INSERT INTO officers(badge_number,name,rank,start_date,current_salary,status,created_by,updated_by,updated_at) VALUES(1021,'Cecilia Provencio','Constable','2022-09-08',73000,'Active','seed','seed',0);
INSERT INTO officers(badge_number,name,rank,start_date,current_salary,status,created_by,updated_by,updated_at) VALUES(1022,'Ramón Estrada','Constable','2023-04-17',72500,'Active','seed','seed',0);
INSERT INTO officers(badge_number,name,rank,start_date,current_salary,status,created_by,updated_by,updated_at) VALUES(1023,'Andrea Lozoya','Constable','2023-10-02',72000,'Active','seed','seed',0);
INSERT INTO officers(badge_number,name,rank,start_date,current_salary,status,created_by,updated_by,updated_at) VALUES(1024,'Emilio Caraveo','Constable','2024-06-11',72000,'Active','seed','seed',0);
INSERT INTO officers(badge_number,name,rank,start_date,current_salary,status,created_by,updated_by,updated_at) VALUES(1025,'Patricia Griego','Constable','2024-12-01',72000,'Active','seed','seed',0);
INSERT INTO officers(badge_number,name,rank,start_date,current_salary,status,created_by,updated_by,updated_at) VALUES(1026,'Gerardo Muñoz','Inspector','1989-09-01',155000,'Active','seed','seed',0);
INSERT INTO officers(badge_number,name,rank,start_date,current_salary,status,created_by,updated_by,updated_at) VALUES(1027,'Silvia Delgado','Constable','2015-08-01',79000,'Active','seed','seed',0);

-- assignments (UUID primary keys)
INSERT INTO assignments(id,badge_number,position_number,start_date,end_date,status,created_by,updated_by,updated_at) VALUES('aa70ef3f-159c-47a9-9fdf-e5c4e3028faf',1001,'POS-101','2023-02-01',NULL,'Active','seed','seed',0);
INSERT INTO assignments(id,badge_number,position_number,start_date,end_date,status,created_by,updated_by,updated_at) VALUES('a597bf1b-9b46-4df5-978b-5e321502bbae',1002,'POS-102','2022-06-01',NULL,'Active','seed','seed',0);
INSERT INTO assignments(id,badge_number,position_number,start_date,end_date,status,created_by,updated_by,updated_at) VALUES('f076f34e-092d-4bbb-9eb6-5ee4ebd390f9',1003,'POS-103','2024-01-15',NULL,'Active','seed','seed',0);
INSERT INTO assignments(id,badge_number,position_number,start_date,end_date,status,created_by,updated_by,updated_at) VALUES('884057ba-91fe-4cc4-beab-1ae79ed25311',1004,'POS-103','2023-09-01',NULL,'Active','seed','seed',0);
INSERT INTO assignments(id,badge_number,position_number,start_date,end_date,status,created_by,updated_by,updated_at) VALUES('a26fad0d-2fba-4a0f-aa3b-6c46404da15e',1005,'POS-104','2024-03-01',NULL,'Active','seed','seed',0);
INSERT INTO assignments(id,badge_number,position_number,start_date,end_date,status,created_by,updated_by,updated_at) VALUES('10eecc29-a72a-44c2-9c0c-980bde01f4d8',1006,'POS-104','2023-04-01',NULL,'Active','seed','seed',0);
INSERT INTO assignments(id,badge_number,position_number,start_date,end_date,status,created_by,updated_by,updated_at) VALUES('6402a94e-7990-4374-8b0d-2439dcd6a684',1007,'POS-105','2024-02-01',NULL,'Active','seed','seed',0);
INSERT INTO assignments(id,badge_number,position_number,start_date,end_date,status,created_by,updated_by,updated_at) VALUES('c7254742-1cba-4a4a-ba24-9c1932c63b20',1008,'POS-105','2025-06-01',NULL,'Active','seed','seed',0);
INSERT INTO assignments(id,badge_number,position_number,start_date,end_date,status,created_by,updated_by,updated_at) VALUES('163a6170-4e49-45b6-b6c7-6278ab8a4169',1009,'POS-107','2024-11-01',NULL,'Active','seed','seed',0);
INSERT INTO assignments(id,badge_number,position_number,start_date,end_date,status,created_by,updated_by,updated_at) VALUES('ad63b1c7-2161-4587-8f10-2762b895a377',1010,'POS-112','2025-01-01',NULL,'Active','seed','seed',0);
INSERT INTO assignments(id,badge_number,position_number,start_date,end_date,status,created_by,updated_by,updated_at) VALUES('aaf8b44b-e813-41f2-b046-32e58d8106f0',1011,'POS-106','2023-05-01',NULL,'Active','seed','seed',0);
INSERT INTO assignments(id,badge_number,position_number,start_date,end_date,status,created_by,updated_by,updated_at) VALUES('13d1ae13-5171-4fbd-84ed-3076c7200b5a',1012,'POS-106','2022-02-01',NULL,'Active','seed','seed',0);
INSERT INTO assignments(id,badge_number,position_number,start_date,end_date,status,created_by,updated_by,updated_at) VALUES('bc872199-f240-44eb-99d9-ec71b724b890',1013,'POS-106','2024-07-01',NULL,'Active','seed','seed',0);
INSERT INTO assignments(id,badge_number,position_number,start_date,end_date,status,created_by,updated_by,updated_at) VALUES('6b967b28-0e33-4894-90b1-3fb34ca6e473',1014,'POS-106','2025-03-01',NULL,'Active','seed','seed',0);
INSERT INTO assignments(id,badge_number,position_number,start_date,end_date,status,created_by,updated_by,updated_at) VALUES('83b403e4-4a2e-41ce-8ec7-e29469eb7bb7',1015,'POS-109','2023-01-01',NULL,'Active','seed','seed',0);
INSERT INTO assignments(id,badge_number,position_number,start_date,end_date,status,created_by,updated_by,updated_at) VALUES('ad078bdc-21ef-4779-8c33-3d4cb294eb24',1016,'POS-109','2024-08-01',NULL,'Active','seed','seed',0);
INSERT INTO assignments(id,badge_number,position_number,start_date,end_date,status,created_by,updated_by,updated_at) VALUES('9d2b407b-92d4-4a49-a421-0d7c68a770f2',1017,'POS-110','2024-01-01',NULL,'Active','seed','seed',0);
INSERT INTO assignments(id,badge_number,position_number,start_date,end_date,status,created_by,updated_by,updated_at) VALUES('c0055a5b-8d40-4dac-986f-97c14af96eaf',1018,'POS-108','2024-09-01',NULL,'Active','seed','seed',0);
INSERT INTO assignments(id,badge_number,position_number,start_date,end_date,status,created_by,updated_by,updated_at) VALUES('bdae23e2-6983-40f3-a54d-43b00c0df0be',1019,'POS-108','2023-09-01',NULL,'Active','seed','seed',0);
INSERT INTO assignments(id,badge_number,position_number,start_date,end_date,status,created_by,updated_by,updated_at) VALUES('6057f64a-1a1d-45eb-800b-1dd176adb8c9',1020,'POS-111','2025-01-06',NULL,'Active','seed','seed',0);
INSERT INTO assignments(id,badge_number,position_number,start_date,end_date,status,created_by,updated_by,updated_at) VALUES('9aba33f6-56b2-4e4c-a234-525e2ff17cd1',1021,'POS-111','2025-02-01',NULL,'Active','seed','seed',0);
INSERT INTO assignments(id,badge_number,position_number,start_date,end_date,status,created_by,updated_by,updated_at) VALUES('90081835-87ca-4732-b425-877e3111408e',1022,'POS-107','2024-12-01',NULL,'Active','seed','seed',0);
INSERT INTO assignments(id,badge_number,position_number,start_date,end_date,status,created_by,updated_by,updated_at) VALUES('e3361c7d-b4e8-4aea-b637-3b8329f2ea18',1023,'POS-112','2025-03-01',NULL,'Active','seed','seed',0);
INSERT INTO assignments(id,badge_number,position_number,start_date,end_date,status,created_by,updated_by,updated_at) VALUES('94a125ee-3fe6-47f0-b048-25cd5eb91efe',1024,'POS-106','2024-02-01',NULL,'Active','seed','seed',0);
INSERT INTO assignments(id,badge_number,position_number,start_date,end_date,status,created_by,updated_by,updated_at) VALUES('b01c0208-8645-49bb-b287-599fda8fa2e8',1025,'POS-106','2025-01-13',NULL,'Active','seed','seed',0);
INSERT INTO assignments(id,badge_number,position_number,start_date,end_date,status,created_by,updated_by,updated_at) VALUES('27754a8d-c08d-4fb3-96b8-e3cd20cb53a3',1011,'POS-108','2015-06-01',NULL,'Completed','seed','seed',0);
INSERT INTO assignments(id,badge_number,position_number,start_date,end_date,status,created_by,updated_by,updated_at) VALUES('227a86af-f56c-4074-b0b7-809c99ce8ed7',1012,'POS-111','2016-01-01',NULL,'Completed','seed','seed',0);
INSERT INTO assignments(id,badge_number,position_number,start_date,end_date,status,created_by,updated_by,updated_at) VALUES('84e93bdf-6f61-4518-8d95-61a1f3a308cd',1007,'POS-105','2018-01-01',NULL,'Completed','seed','seed',0);
INSERT INTO assignments(id,badge_number,position_number,start_date,end_date,status,created_by,updated_by,updated_at) VALUES('fd17aca7-de14-40ff-b836-f6c91171fddf',1009,'POS-106','2010-01-01',NULL,'Transferred','seed','seed',0);
INSERT INTO assignments(id,badge_number,position_number,start_date,end_date,status,created_by,updated_by,updated_at) VALUES('ecf7ee7c-6b00-42ae-9acb-7a09cd303b66',1004,'POS-106','2008-04-01',NULL,'Transferred','seed','seed',0);
INSERT INTO assignments(id,badge_number,position_number,start_date,end_date,status,created_by,updated_by,updated_at) VALUES('e1aa741b-6d9c-45cd-8c41-db2b45e57f70',1026,'POS-103','1998-09-01',NULL,'Retired','seed','seed',0);
INSERT INTO assignments(id,badge_number,position_number,start_date,end_date,status,created_by,updated_by,updated_at) VALUES('b21bbf44-04e5-4c03-a97a-e927377b86d6',1027,'POS-106','2019-08-01',NULL,'Fired','seed','seed',0);

-- recruitment (fictional demo)
INSERT INTO competitions(id,position_number,opened,closes,status,created_by,updated_by,updated_at) VALUES('0d49f4a9-109c-44ef-a91f-9528ad4fa776','POS-106','2026-05-01','2026-08-01','Open','seed','seed',0);
INSERT INTO competitions(id,position_number,opened,closes,status,created_by,updated_by,updated_at) VALUES('a4751acf-3df6-4c46-91d6-a654480b1d6d','POS-109','2026-06-01','2026-09-01','Open','seed','seed',0);
INSERT INTO applicants(id,name,email,phone,source,created_by,updated_by,updated_at) VALUES('1472aeb8-ba03-4560-84e8-10f114e7dc89','Rosa Villareal','rvillareal@example.mx',NULL,'Job fair','seed','seed',0);
INSERT INTO applications(id,competition_id,applicant_id,stage,applied_date,notes,created_by,updated_by,updated_at) VALUES('4b318065-2780-4c7a-a719-2601326d3921','0d49f4a9-109c-44ef-a91f-9528ad4fa776','1472aeb8-ba03-4560-84e8-10f114e7dc89','Applied','2026-06-15',NULL,'seed','seed',0);
INSERT INTO applicants(id,name,email,phone,source,created_by,updated_by,updated_at) VALUES('ded29524-069f-4047-a747-6548a6582d28','Emiliano Cázares','ecazares@example.mx',NULL,'Referral','seed','seed',0);
INSERT INTO applications(id,competition_id,applicant_id,stage,applied_date,notes,created_by,updated_by,updated_at) VALUES('6d071c53-91c1-4a38-a46b-747b6475442e','0d49f4a9-109c-44ef-a91f-9528ad4fa776','ded29524-069f-4047-a747-6548a6582d28','Screening','2026-06-15',NULL,'seed','seed',0);
INSERT INTO applicants(id,name,email,phone,source,created_by,updated_by,updated_at) VALUES('640fca71-5075-4468-a466-86b098a82207','Daniela Prieto','dprieto@example.mx',NULL,'Website','seed','seed',0);
INSERT INTO applications(id,competition_id,applicant_id,stage,applied_date,notes,created_by,updated_by,updated_at) VALUES('a074c080-0fe1-4476-873f-f583556bdc21','0d49f4a9-109c-44ef-a91f-9528ad4fa776','640fca71-5075-4468-a466-86b098a82207','Interview','2026-06-15',NULL,'seed','seed',0);
INSERT INTO applicants(id,name,email,phone,source,created_by,updated_by,updated_at) VALUES('22fb8b45-caf0-4b4c-8be9-84315f0e3141','Ismael Robles','irobles@example.mx',NULL,'Academy','seed','seed',0);
INSERT INTO applications(id,competition_id,applicant_id,stage,applied_date,notes,created_by,updated_by,updated_at) VALUES('c75f5d60-cf82-449e-ac56-7e92deca3774','a4751acf-3df6-4c46-91d6-a654480b1d6d','22fb8b45-caf0-4b4c-8be9-84315f0e3141','Background','2026-06-15',NULL,'seed','seed',0);
INSERT INTO applicants(id,name,email,phone,source,created_by,updated_by,updated_at) VALUES('e381b25c-c305-4b2d-8993-24c159fa6d73','Fabiola Meraz','fmeraz@example.mx',NULL,'Website','seed','seed',0);
INSERT INTO applications(id,competition_id,applicant_id,stage,applied_date,notes,created_by,updated_by,updated_at) VALUES('ef1cedc9-474a-4d06-9d78-a442240f8b60','a4751acf-3df6-4c46-91d6-a654480b1d6d','e381b25c-c305-4b2d-8993-24c159fa6d73','Offer','2026-06-15',NULL,'seed','seed',0);
INSERT INTO applicants(id,name,email,phone,source,created_by,updated_by,updated_at) VALUES('dec50d04-876c-49b8-a4a7-8a8877ae0b42','Tomás Escobedo','tescobedo@example.mx',NULL,'Referral','seed','seed',0);
INSERT INTO applications(id,competition_id,applicant_id,stage,applied_date,notes,created_by,updated_by,updated_at) VALUES('bea93e47-1b68-4420-bfaa-d54d50a91fa9','0d49f4a9-109c-44ef-a91f-9528ad4fa776','dec50d04-876c-49b8-a4a7-8a8877ae0b42','Hired','2026-06-15',NULL,'seed','seed',0);
INSERT INTO applicants(id,name,email,phone,source,created_by,updated_by,updated_at) VALUES('8ba7f2f0-a612-4944-925c-609e3b2ca70a','Lorena Adame','ladame@example.mx',NULL,'Job fair','seed','seed',0);
INSERT INTO applications(id,competition_id,applicant_id,stage,applied_date,notes,created_by,updated_by,updated_at) VALUES('c4a9f658-88a1-4941-8f16-0c9f10cfccfc','a4751acf-3df6-4c46-91d6-a654480b1d6d','8ba7f2f0-a612-4944-925c-609e3b2ca70a','Rejected','2026-06-15',NULL,'seed','seed',0);

-- training & compliance: officer certifications (fictional demo)
INSERT INTO officer_certifications(id,badge_number,cert_code,issued_date,expiry_date,status,created_by,updated_by,updated_at) VALUES('0b6926f1-26ad-4699-a9b8-0e756c821f6d',1001,'FIREARM','2025-01-15','2026-01-15','Active','seed','seed',0);
INSERT INTO officer_certifications(id,badge_number,cert_code,issued_date,expiry_date,status,created_by,updated_by,updated_at) VALUES('6d8b10a4-9d49-4473-a2ce-a35cabd07aa0',1001,'USE_OF_FORCE','2025-08-01','2026-08-01','Active','seed','seed',0);
INSERT INTO officer_certifications(id,badge_number,cert_code,issued_date,expiry_date,status,created_by,updated_by,updated_at) VALUES('6c3ddc9c-e891-4c3a-9f1c-6dc1b4a80b77',1001,'CPR','2025-06-15','2027-06-15','Active','seed','seed',0);
INSERT INTO officer_certifications(id,badge_number,cert_code,issued_date,expiry_date,status,created_by,updated_by,updated_at) VALUES('085b21bb-9c3e-459d-be8e-bd8b4e785af3',1001,'EVOC','2023-01-15','2026-01-15','Active','seed','seed',0);
INSERT INTO officer_certifications(id,badge_number,cert_code,issued_date,expiry_date,status,created_by,updated_by,updated_at) VALUES('0f5198cf-828d-4da5-8e15-5459275047a3',1001,'DEESCALATION','2024-08-01','2026-08-01','Active','seed','seed',0);
INSERT INTO officer_certifications(id,badge_number,cert_code,issued_date,expiry_date,status,created_by,updated_by,updated_at) VALUES('0fa7492a-9597-4126-901f-7cddbcda23a5',1002,'FIREARM','2025-09-02','2026-09-02','Active','seed','seed',0);
INSERT INTO officer_certifications(id,badge_number,cert_code,issued_date,expiry_date,status,created_by,updated_by,updated_at) VALUES('3228cc16-354c-49ce-b568-0d5b40b556fc',1002,'USE_OF_FORCE','2027-06-15','2028-06-15','Active','seed','seed',0);
INSERT INTO officer_certifications(id,badge_number,cert_code,issued_date,expiry_date,status,created_by,updated_by,updated_at) VALUES('559da145-c685-4ee3-9836-4e6be4a5b6e3',1002,'CPR','2024-02-15','2026-02-15','Active','seed','seed',0);
INSERT INTO officer_certifications(id,badge_number,cert_code,issued_date,expiry_date,status,created_by,updated_by,updated_at) VALUES('e12f5ae5-3516-48f3-a762-da06d82ff8ba',1003,'FIREARM','2026-06-15','2027-06-15','Active','seed','seed',0);
INSERT INTO officer_certifications(id,badge_number,cert_code,issued_date,expiry_date,status,created_by,updated_by,updated_at) VALUES('b746f84c-3215-4ed4-812c-cd09a7b295f7',1003,'USE_OF_FORCE','2025-03-15','2026-03-15','Active','seed','seed',0);
INSERT INTO officer_certifications(id,badge_number,cert_code,issued_date,expiry_date,status,created_by,updated_by,updated_at) VALUES('46dae24b-d052-4260-b4e7-8ea5c8fc7e62',1003,'CPR','2024-08-03','2026-08-03','Active','seed','seed',0);
INSERT INTO officer_certifications(id,badge_number,cert_code,issued_date,expiry_date,status,created_by,updated_by,updated_at) VALUES('c3b9066e-8f08-4989-8d82-b1674f3cc1ad',1003,'EVOC','2024-06-15','2027-06-15','Active','seed','seed',0);
INSERT INTO officer_certifications(id,badge_number,cert_code,issued_date,expiry_date,status,created_by,updated_by,updated_at) VALUES('e9acdae4-2c9f-477a-9128-b9b4e6818954',1004,'USE_OF_FORCE','2025-09-04','2026-09-04','Active','seed','seed',0);
INSERT INTO officer_certifications(id,badge_number,cert_code,issued_date,expiry_date,status,created_by,updated_by,updated_at) VALUES('b12e1fdf-afda-4c6c-a43a-dc062f174644',1004,'CPR','2026-06-15','2028-06-15','Active','seed','seed',0);
INSERT INTO officer_certifications(id,badge_number,cert_code,issued_date,expiry_date,status,created_by,updated_by,updated_at) VALUES('75d2490f-ffee-4f41-a395-cdfc96297fc0',1004,'DEESCALATION','2024-09-04','2026-09-04','Active','seed','seed',0);
INSERT INTO officer_certifications(id,badge_number,cert_code,issued_date,expiry_date,status,created_by,updated_by,updated_at) VALUES('5834826c-42f5-42c9-93f4-94a445b4e547',1005,'FIREARM','2025-08-05','2026-08-05','Active','seed','seed',0);
INSERT INTO officer_certifications(id,badge_number,cert_code,issued_date,expiry_date,status,created_by,updated_by,updated_at) VALUES('042e1d96-c61b-44ab-981c-ac5abc747215',1005,'USE_OF_FORCE','2026-06-15','2027-06-15','Active','seed','seed',0);
INSERT INTO officer_certifications(id,badge_number,cert_code,issued_date,expiry_date,status,created_by,updated_by,updated_at) VALUES('cc7c8ac1-3b3e-453e-97c4-85e9e1b24eef',1005,'CPR','2024-05-15','2026-05-15','Active','seed','seed',0);
INSERT INTO officer_certifications(id,badge_number,cert_code,issued_date,expiry_date,status,created_by,updated_by,updated_at) VALUES('60075b2b-97c1-494c-a28f-67ec35437838',1005,'EVOC','2023-08-05','2026-08-05','Active','seed','seed',0);
INSERT INTO officer_certifications(id,badge_number,cert_code,issued_date,expiry_date,status,created_by,updated_by,updated_at) VALUES('fff1d925-b403-416e-b385-c89a65690e30',1006,'FIREARM','2027-06-15','2028-06-15','Active','seed','seed',0);
INSERT INTO officer_certifications(id,badge_number,cert_code,issued_date,expiry_date,status,created_by,updated_by,updated_at) VALUES('37f61046-7b58-4f1a-a577-6d908aa971ac',1006,'USE_OF_FORCE','2025-01-15','2026-01-15','Active','seed','seed',0);
INSERT INTO officer_certifications(id,badge_number,cert_code,issued_date,expiry_date,status,created_by,updated_by,updated_at) VALUES('463c2b3a-f465-43e4-a9ea-2d5e13ebc5b5',1006,'CPR','2024-09-06','2026-09-06','Active','seed','seed',0);
INSERT INTO officer_certifications(id,badge_number,cert_code,issued_date,expiry_date,status,created_by,updated_by,updated_at) VALUES('50a661b3-d917-48c1-8a18-03fe4129cb03',1007,'FIREARM','2025-02-15','2026-02-15','Active','seed','seed',0);
INSERT INTO officer_certifications(id,badge_number,cert_code,issued_date,expiry_date,status,created_by,updated_by,updated_at) VALUES('36e269c5-32c2-47e0-972b-4e80ffe63b1b',1007,'USE_OF_FORCE','2025-08-07','2026-08-07','Active','seed','seed',0);
INSERT INTO officer_certifications(id,badge_number,cert_code,issued_date,expiry_date,status,created_by,updated_by,updated_at) VALUES('2d2b0400-e8b8-4905-9ab5-140f909b0275',1007,'CPR','2025-06-15','2027-06-15','Active','seed','seed',0);
INSERT INTO officer_certifications(id,badge_number,cert_code,issued_date,expiry_date,status,created_by,updated_by,updated_at) VALUES('3a3e5922-9fbe-4473-b25e-8c3267604f25',1007,'EVOC','2023-02-15','2026-02-15','Active','seed','seed',0);
INSERT INTO officer_certifications(id,badge_number,cert_code,issued_date,expiry_date,status,created_by,updated_by,updated_at) VALUES('ecbf1bac-e9a4-4721-b331-e696bfd45302',1007,'DEESCALATION','2024-08-07','2026-08-07','Active','seed','seed',0);
INSERT INTO officer_certifications(id,badge_number,cert_code,issued_date,expiry_date,status,created_by,updated_by,updated_at) VALUES('4504d4bf-841f-4c64-bd78-fdb2a01cfe90',1008,'FIREARM','2025-09-08','2026-09-08','Active','seed','seed',0);
INSERT INTO officer_certifications(id,badge_number,cert_code,issued_date,expiry_date,status,created_by,updated_by,updated_at) VALUES('65f1f06d-2958-4d38-b2c8-937334c4cecd',1008,'USE_OF_FORCE','2027-06-15','2028-06-15','Active','seed','seed',0);
INSERT INTO officer_certifications(id,badge_number,cert_code,issued_date,expiry_date,status,created_by,updated_by,updated_at) VALUES('b134e860-5f7e-4bbe-b97c-2da93f83b798',1008,'CPR','2024-03-15','2026-03-15','Active','seed','seed',0);
INSERT INTO officer_certifications(id,badge_number,cert_code,issued_date,expiry_date,status,created_by,updated_by,updated_at) VALUES('144a8703-1205-4034-ac6b-2cf977fa007d',1009,'FIREARM','2026-06-15','2027-06-15','Active','seed','seed',0);
INSERT INTO officer_certifications(id,badge_number,cert_code,issued_date,expiry_date,status,created_by,updated_by,updated_at) VALUES('5825b26b-1b69-4cfb-9662-7a49557d2d17',1009,'USE_OF_FORCE','2025-04-15','2026-04-15','Active','seed','seed',0);
INSERT INTO officer_certifications(id,badge_number,cert_code,issued_date,expiry_date,status,created_by,updated_by,updated_at) VALUES('bee34a63-813e-461e-b8c9-9f1167f7d47b',1009,'CPR','2024-08-09','2026-08-09','Active','seed','seed',0);
INSERT INTO officer_certifications(id,badge_number,cert_code,issued_date,expiry_date,status,created_by,updated_by,updated_at) VALUES('f2ddfbea-b0da-46fe-8212-0c936e5bdc89',1009,'EVOC','2024-06-15','2027-06-15','Active','seed','seed',0);
INSERT INTO officer_certifications(id,badge_number,cert_code,issued_date,expiry_date,status,created_by,updated_by,updated_at) VALUES('6948d35a-4ca7-4732-bfa2-e6522fe6eae8',1010,'FIREARM','2025-05-15','2026-05-15','Active','seed','seed',0);
INSERT INTO officer_certifications(id,badge_number,cert_code,issued_date,expiry_date,status,created_by,updated_by,updated_at) VALUES('3dc2dbd2-b90e-48f3-9fd8-d287a2ccc09e',1010,'USE_OF_FORCE','2025-09-10','2026-09-10','Active','seed','seed',0);
INSERT INTO officer_certifications(id,badge_number,cert_code,issued_date,expiry_date,status,created_by,updated_by,updated_at) VALUES('b660a744-77eb-48ea-85a2-2eb88630fac1',1010,'CPR','2026-06-15','2028-06-15','Active','seed','seed',0);
INSERT INTO officer_certifications(id,badge_number,cert_code,issued_date,expiry_date,status,created_by,updated_by,updated_at) VALUES('6ad74e23-83cd-4a3a-b664-326243e334e6',1010,'DEESCALATION','2024-09-10','2026-09-10','Active','seed','seed',0);
INSERT INTO officer_certifications(id,badge_number,cert_code,issued_date,expiry_date,status,created_by,updated_by,updated_at) VALUES('ea963010-3b25-46d3-b8a5-8e4e49448cfd',1011,'USE_OF_FORCE','2026-06-15','2027-06-15','Active','seed','seed',0);
INSERT INTO officer_certifications(id,badge_number,cert_code,issued_date,expiry_date,status,created_by,updated_by,updated_at) VALUES('886339cd-e3c2-46c7-866e-c542886f0462',1011,'CPR','2024-01-15','2026-01-15','Active','seed','seed',0);
INSERT INTO officer_certifications(id,badge_number,cert_code,issued_date,expiry_date,status,created_by,updated_by,updated_at) VALUES('737453a4-9795-4b76-a71c-9a20969f57ef',1011,'EVOC','2023-08-11','2026-08-11','Active','seed','seed',0);
INSERT INTO officer_certifications(id,badge_number,cert_code,issued_date,expiry_date,status,created_by,updated_by,updated_at) VALUES('09dbda51-eae2-41cd-8648-eae6065d3eeb',1012,'FIREARM','2027-06-15','2028-06-15','Active','seed','seed',0);
INSERT INTO officer_certifications(id,badge_number,cert_code,issued_date,expiry_date,status,created_by,updated_by,updated_at) VALUES('333baf53-32a5-4be2-9134-046a23e115fc',1012,'USE_OF_FORCE','2025-02-15','2026-02-15','Active','seed','seed',0);
INSERT INTO officer_certifications(id,badge_number,cert_code,issued_date,expiry_date,status,created_by,updated_by,updated_at) VALUES('a7759309-ac58-4444-af88-97129650f484',1012,'CPR','2024-09-12','2026-09-12','Active','seed','seed',0);
INSERT INTO officer_certifications(id,badge_number,cert_code,issued_date,expiry_date,status,created_by,updated_by,updated_at) VALUES('e5a6fe93-f81f-49f7-99d8-0227402ed7b7',1013,'FIREARM','2025-03-15','2026-03-15','Active','seed','seed',0);
INSERT INTO officer_certifications(id,badge_number,cert_code,issued_date,expiry_date,status,created_by,updated_by,updated_at) VALUES('86bdd3d6-9757-467a-8c9a-6a7ae70495a4',1013,'USE_OF_FORCE','2025-08-13','2026-08-13','Active','seed','seed',0);
INSERT INTO officer_certifications(id,badge_number,cert_code,issued_date,expiry_date,status,created_by,updated_by,updated_at) VALUES('49958b7d-78eb-4cab-bad5-78b7855b9e0e',1013,'CPR','2025-06-15','2027-06-15','Active','seed','seed',0);
INSERT INTO officer_certifications(id,badge_number,cert_code,issued_date,expiry_date,status,created_by,updated_by,updated_at) VALUES('18ef5534-d3dc-4e37-ac76-eaf2fcb4a443',1013,'EVOC','2023-03-15','2026-03-15','Active','seed','seed',0);
INSERT INTO officer_certifications(id,badge_number,cert_code,issued_date,expiry_date,status,created_by,updated_by,updated_at) VALUES('ab2fc9c3-318d-4860-abbc-3186b514630d',1013,'DEESCALATION','2024-08-13','2026-08-13','Active','seed','seed',0);
INSERT INTO officer_certifications(id,badge_number,cert_code,issued_date,expiry_date,status,created_by,updated_by,updated_at) VALUES('cc348224-07dd-4ade-b7cb-9a2f22af55da',1014,'FIREARM','2025-09-14','2026-09-14','Active','seed','seed',0);
INSERT INTO officer_certifications(id,badge_number,cert_code,issued_date,expiry_date,status,created_by,updated_by,updated_at) VALUES('b5ada5c1-9739-456b-a7fd-808ab94e5546',1014,'USE_OF_FORCE','2027-06-15','2028-06-15','Active','seed','seed',0);
INSERT INTO officer_certifications(id,badge_number,cert_code,issued_date,expiry_date,status,created_by,updated_by,updated_at) VALUES('0757af6a-4b24-434b-afb2-b8d2a333cd06',1014,'CPR','2024-04-15','2026-04-15','Active','seed','seed',0);
INSERT INTO officer_certifications(id,badge_number,cert_code,issued_date,expiry_date,status,created_by,updated_by,updated_at) VALUES('8cdfbf60-4a36-4d6f-9684-e28562c2cec8',1015,'FIREARM','2026-06-15','2027-06-15','Active','seed','seed',0);
INSERT INTO officer_certifications(id,badge_number,cert_code,issued_date,expiry_date,status,created_by,updated_by,updated_at) VALUES('b6b68bfa-807d-4ef8-87ad-434754d4691f',1015,'USE_OF_FORCE','2025-05-15','2026-05-15','Active','seed','seed',0);
INSERT INTO officer_certifications(id,badge_number,cert_code,issued_date,expiry_date,status,created_by,updated_by,updated_at) VALUES('56ddcee0-f516-4f9e-91ed-4e36d6ff8f1e',1015,'CPR','2024-08-15','2026-08-15','Active','seed','seed',0);
INSERT INTO officer_certifications(id,badge_number,cert_code,issued_date,expiry_date,status,created_by,updated_by,updated_at) VALUES('ada65c52-66f3-40ad-901f-aa0e6bb00a62',1015,'EVOC','2024-06-15','2027-06-15','Active','seed','seed',0);
INSERT INTO officer_certifications(id,badge_number,cert_code,issued_date,expiry_date,status,created_by,updated_by,updated_at) VALUES('e74a69ef-a93d-4b18-845c-c8714c6ce67c',1016,'FIREARM','2025-01-15','2026-01-15','Active','seed','seed',0);
INSERT INTO officer_certifications(id,badge_number,cert_code,issued_date,expiry_date,status,created_by,updated_by,updated_at) VALUES('35f24724-e670-4423-a4bf-a32f4fba7575',1016,'USE_OF_FORCE','2025-09-16','2026-09-16','Active','seed','seed',0);
INSERT INTO officer_certifications(id,badge_number,cert_code,issued_date,expiry_date,status,created_by,updated_by,updated_at) VALUES('9554488f-6afa-4cdd-b8f8-071697eb253e',1016,'CPR','2026-06-15','2028-06-15','Active','seed','seed',0);
INSERT INTO officer_certifications(id,badge_number,cert_code,issued_date,expiry_date,status,created_by,updated_by,updated_at) VALUES('4311e593-6e5e-4d99-b293-85fc82c4be14',1016,'DEESCALATION','2024-09-16','2026-09-16','Active','seed','seed',0);
INSERT INTO officer_certifications(id,badge_number,cert_code,issued_date,expiry_date,status,created_by,updated_by,updated_at) VALUES('6dccc7bf-ea8f-4a4d-8331-36b5f7ffab96',1017,'FIREARM','2025-08-17','2026-08-17','Active','seed','seed',0);
INSERT INTO officer_certifications(id,badge_number,cert_code,issued_date,expiry_date,status,created_by,updated_by,updated_at) VALUES('c12823ca-67b8-453f-8ef4-2c4a3a158d00',1017,'USE_OF_FORCE','2026-06-15','2027-06-15','Active','seed','seed',0);
INSERT INTO officer_certifications(id,badge_number,cert_code,issued_date,expiry_date,status,created_by,updated_by,updated_at) VALUES('b3c2dec0-719c-41b7-b0c6-874983780575',1017,'CPR','2024-02-15','2026-02-15','Active','seed','seed',0);
INSERT INTO officer_certifications(id,badge_number,cert_code,issued_date,expiry_date,status,created_by,updated_by,updated_at) VALUES('d9ef1cef-9b06-4786-ae94-3bd6354a9a7a',1017,'EVOC','2023-08-17','2026-08-17','Active','seed','seed',0);
INSERT INTO officer_certifications(id,badge_number,cert_code,issued_date,expiry_date,status,created_by,updated_by,updated_at) VALUES('afcbf7c1-01e3-4b56-868c-cc8baaae9b98',1018,'USE_OF_FORCE','2025-03-15','2026-03-15','Active','seed','seed',0);
INSERT INTO officer_certifications(id,badge_number,cert_code,issued_date,expiry_date,status,created_by,updated_by,updated_at) VALUES('4ae34c88-6b4b-41df-a5da-181c8801160e',1018,'CPR','2024-09-18','2026-09-18','Active','seed','seed',0);
INSERT INTO officer_certifications(id,badge_number,cert_code,issued_date,expiry_date,status,created_by,updated_by,updated_at) VALUES('5dbcdd0d-a8d4-45bd-954c-b95f99706ac5',1019,'FIREARM','2025-04-15','2026-04-15','Active','seed','seed',0);
INSERT INTO officer_certifications(id,badge_number,cert_code,issued_date,expiry_date,status,created_by,updated_by,updated_at) VALUES('d704463a-595c-4a6e-834a-e614939dbb1c',1019,'USE_OF_FORCE','2025-08-19','2026-08-19','Active','seed','seed',0);
INSERT INTO officer_certifications(id,badge_number,cert_code,issued_date,expiry_date,status,created_by,updated_by,updated_at) VALUES('b22bd6d2-645f-4b99-9f1d-24b47f9278d6',1019,'CPR','2025-06-15','2027-06-15','Active','seed','seed',0);
INSERT INTO officer_certifications(id,badge_number,cert_code,issued_date,expiry_date,status,created_by,updated_by,updated_at) VALUES('967d5e9a-a575-4fd3-8418-44d8e2b62be0',1019,'EVOC','2023-04-15','2026-04-15','Active','seed','seed',0);
INSERT INTO officer_certifications(id,badge_number,cert_code,issued_date,expiry_date,status,created_by,updated_by,updated_at) VALUES('a1099e56-0722-4037-81c0-2ba13e8553fa',1019,'DEESCALATION','2024-08-19','2026-08-19','Active','seed','seed',0);
INSERT INTO officer_certifications(id,badge_number,cert_code,issued_date,expiry_date,status,created_by,updated_by,updated_at) VALUES('8b8f136c-996c-4f99-b364-f2ca77a015db',1020,'FIREARM','2025-09-20','2026-09-20','Active','seed','seed',0);
INSERT INTO officer_certifications(id,badge_number,cert_code,issued_date,expiry_date,status,created_by,updated_by,updated_at) VALUES('21f1a75f-a700-43e4-bbbb-32d9313aa719',1020,'USE_OF_FORCE','2027-06-15','2028-06-15','Active','seed','seed',0);
INSERT INTO officer_certifications(id,badge_number,cert_code,issued_date,expiry_date,status,created_by,updated_by,updated_at) VALUES('3256cf39-0ec1-416b-b766-eb73d9b3edb9',1020,'CPR','2024-05-15','2026-05-15','Active','seed','seed',0);
INSERT INTO officer_certifications(id,badge_number,cert_code,issued_date,expiry_date,status,created_by,updated_by,updated_at) VALUES('5a2df385-d01c-404a-97ee-c405a176e372',1021,'FIREARM','2026-06-15','2027-06-15','Active','seed','seed',0);
INSERT INTO officer_certifications(id,badge_number,cert_code,issued_date,expiry_date,status,created_by,updated_by,updated_at) VALUES('9c5ddd09-e30f-4574-958a-babd29740ccc',1021,'USE_OF_FORCE','2025-01-15','2026-01-15','Active','seed','seed',0);
INSERT INTO officer_certifications(id,badge_number,cert_code,issued_date,expiry_date,status,created_by,updated_by,updated_at) VALUES('d09856af-b6c6-4c96-aa2a-e4634dd87a4f',1021,'CPR','2024-08-21','2026-08-21','Active','seed','seed',0);
INSERT INTO officer_certifications(id,badge_number,cert_code,issued_date,expiry_date,status,created_by,updated_by,updated_at) VALUES('ac2a6859-f173-4e89-b6c6-86287b98bd0e',1021,'EVOC','2024-06-15','2027-06-15','Active','seed','seed',0);
INSERT INTO officer_certifications(id,badge_number,cert_code,issued_date,expiry_date,status,created_by,updated_by,updated_at) VALUES('4a410834-1419-4f0b-88fb-8d7acf5e70e6',1022,'FIREARM','2025-02-15','2026-02-15','Active','seed','seed',0);
INSERT INTO officer_certifications(id,badge_number,cert_code,issued_date,expiry_date,status,created_by,updated_by,updated_at) VALUES('46e3069e-8388-4ade-a8d7-bd9218223cd2',1022,'USE_OF_FORCE','2025-09-22','2026-09-22','Active','seed','seed',0);
INSERT INTO officer_certifications(id,badge_number,cert_code,issued_date,expiry_date,status,created_by,updated_by,updated_at) VALUES('6256b24a-1a70-41f6-9165-c0659e22608d',1022,'CPR','2026-06-15','2028-06-15','Active','seed','seed',0);
INSERT INTO officer_certifications(id,badge_number,cert_code,issued_date,expiry_date,status,created_by,updated_by,updated_at) VALUES('d12f40fb-3b42-420d-9996-0606683aa3d4',1022,'DEESCALATION','2024-09-22','2026-09-22','Active','seed','seed',0);
INSERT INTO officer_certifications(id,badge_number,cert_code,issued_date,expiry_date,status,created_by,updated_by,updated_at) VALUES('cf38f7a3-dbab-4f20-b73f-1894d16ae722',1023,'FIREARM','2025-08-23','2026-08-23','Active','seed','seed',0);
INSERT INTO officer_certifications(id,badge_number,cert_code,issued_date,expiry_date,status,created_by,updated_by,updated_at) VALUES('aac8777e-4a7e-4781-a6c0-5f679c2b23a3',1023,'USE_OF_FORCE','2026-06-15','2027-06-15','Active','seed','seed',0);
INSERT INTO officer_certifications(id,badge_number,cert_code,issued_date,expiry_date,status,created_by,updated_by,updated_at) VALUES('906f1c84-9044-4b2e-b333-edce069ef568',1023,'CPR','2024-03-15','2026-03-15','Active','seed','seed',0);
INSERT INTO officer_certifications(id,badge_number,cert_code,issued_date,expiry_date,status,created_by,updated_by,updated_at) VALUES('f57f96a7-adcb-44b1-8f61-988e9a63bceb',1023,'EVOC','2023-08-23','2026-08-23','Active','seed','seed',0);
INSERT INTO officer_certifications(id,badge_number,cert_code,issued_date,expiry_date,status,created_by,updated_by,updated_at) VALUES('ff8a387e-8306-40fa-bb99-7cbcf9feb1da',1024,'FIREARM','2027-06-15','2028-06-15','Active','seed','seed',0);
INSERT INTO officer_certifications(id,badge_number,cert_code,issued_date,expiry_date,status,created_by,updated_by,updated_at) VALUES('80bc058b-6c39-4d93-828d-1ce33f36dbb5',1024,'USE_OF_FORCE','2025-04-15','2026-04-15','Active','seed','seed',0);
INSERT INTO officer_certifications(id,badge_number,cert_code,issued_date,expiry_date,status,created_by,updated_by,updated_at) VALUES('735caf0b-cb70-470a-9f48-3c6895d46866',1024,'CPR','2024-09-24','2026-09-24','Active','seed','seed',0);
INSERT INTO officer_certifications(id,badge_number,cert_code,issued_date,expiry_date,status,created_by,updated_by,updated_at) VALUES('0e7370f4-d739-4a01-a1bd-7db69dccb010',1025,'USE_OF_FORCE','2025-08-25','2026-08-25','Active','seed','seed',0);
INSERT INTO officer_certifications(id,badge_number,cert_code,issued_date,expiry_date,status,created_by,updated_by,updated_at) VALUES('4258ca55-df9c-42cf-b929-41d9b4996e8e',1025,'CPR','2025-06-15','2027-06-15','Active','seed','seed',0);
INSERT INTO officer_certifications(id,badge_number,cert_code,issued_date,expiry_date,status,created_by,updated_by,updated_at) VALUES('ba8649bb-b4aa-4c3b-bda6-7f9aa56a93de',1025,'EVOC','2023-05-15','2026-05-15','Active','seed','seed',0);
INSERT INTO officer_certifications(id,badge_number,cert_code,issued_date,expiry_date,status,created_by,updated_by,updated_at) VALUES('333a5ec7-e121-45ba-af08-7ee42065e6cb',1025,'DEESCALATION','2024-08-25','2026-08-25','Active','seed','seed',0);
INSERT INTO officer_certifications(id,badge_number,cert_code,issued_date,expiry_date,status,created_by,updated_by,updated_at) VALUES('7949f194-a383-4782-87bf-e9d6bc2fea7f',1026,'FIREARM','2025-09-26','2026-09-26','Active','seed','seed',0);
INSERT INTO officer_certifications(id,badge_number,cert_code,issued_date,expiry_date,status,created_by,updated_by,updated_at) VALUES('0cf54822-fb80-4001-8af4-e5e4f39d1e87',1026,'USE_OF_FORCE','2027-06-15','2028-06-15','Active','seed','seed',0);
INSERT INTO officer_certifications(id,badge_number,cert_code,issued_date,expiry_date,status,created_by,updated_by,updated_at) VALUES('5861ee7e-fce7-4be6-b5ef-a3d14a59943a',1026,'CPR','2024-01-15','2026-01-15','Active','seed','seed',0);
INSERT INTO officer_certifications(id,badge_number,cert_code,issued_date,expiry_date,status,created_by,updated_by,updated_at) VALUES('03c870c7-ec6b-49fb-816e-20ad91351177',1027,'FIREARM','2026-06-15','2027-06-15','Active','seed','seed',0);
INSERT INTO officer_certifications(id,badge_number,cert_code,issued_date,expiry_date,status,created_by,updated_by,updated_at) VALUES('f170c14f-96b3-4fe0-9b6f-a6b1cc2629f7',1027,'USE_OF_FORCE','2025-02-15','2026-02-15','Active','seed','seed',0);
INSERT INTO officer_certifications(id,badge_number,cert_code,issued_date,expiry_date,status,created_by,updated_by,updated_at) VALUES('ab0a3c50-9904-4292-bd15-3581092398a0',1027,'CPR','2024-08-27','2026-08-27','Active','seed','seed',0);
INSERT INTO officer_certifications(id,badge_number,cert_code,issued_date,expiry_date,status,created_by,updated_by,updated_at) VALUES('109d411c-80e4-4bd5-9504-2a51cc05cf3e',1027,'EVOC','2024-06-15','2027-06-15','Active','seed','seed',0);

-- leave / absence (fictional demo)
INSERT INTO leave_records(id,badge_number,leave_code,start_date,end_date,days,status,notes,created_by,updated_by,updated_at) VALUES('551a79cc-0676-4376-b677-63983d874b4c',1011,'VACATION','2026-07-01','2026-07-18',18,'Approved',NULL,'seed','seed',0);
INSERT INTO leave_records(id,badge_number,leave_code,start_date,end_date,days,status,notes,created_by,updated_by,updated_at) VALUES('de11f8b8-6753-4863-b30f-103aeac0424d',1015,'INJURY','2026-06-15','2026-09-15',93,'Approved',NULL,'seed','seed',0);
INSERT INTO leave_records(id,badge_number,leave_code,start_date,end_date,days,status,notes,created_by,updated_by,updated_at) VALUES('c0633ad8-7868-4450-a00d-2b4a9b31929a',1007,'PARENTAL','2026-08-01','2026-11-01',93,'Approved',NULL,'seed','seed',0);
INSERT INTO leave_records(id,badge_number,leave_code,start_date,end_date,days,status,notes,created_by,updated_by,updated_at) VALUES('7503fe74-f468-49cb-9fc7-60ee5ddc9e0f',1020,'VACATION','2026-07-20','2026-07-31',12,'Approved',NULL,'seed','seed',0);
INSERT INTO leave_records(id,badge_number,leave_code,start_date,end_date,days,status,notes,created_by,updated_by,updated_at) VALUES('e5efdde8-d574-4a30-bdf5-04a4967f15a3',1003,'VACATION','2026-09-01','2026-09-10',10,'Requested',NULL,'seed','seed',0);
INSERT INTO leave_records(id,badge_number,leave_code,start_date,end_date,days,status,notes,created_by,updated_by,updated_at) VALUES('ed294ebf-2db8-45dc-8d18-f767ef1b267a',1009,'SICK','2026-07-10','2026-07-12',3,'Requested',NULL,'seed','seed',0);
INSERT INTO leave_records(id,badge_number,leave_code,start_date,end_date,days,status,notes,created_by,updated_by,updated_at) VALUES('fb0d1003-a120-4287-84d1-4b5f2ea51d90',1022,'UNPAID','2026-10-01','2026-10-15',15,'Requested',NULL,'seed','seed',0);
INSERT INTO leave_records(id,badge_number,leave_code,start_date,end_date,days,status,notes,created_by,updated_by,updated_at) VALUES('e455740b-9824-486f-ab09-a630a4edf3e5',1005,'BEREAVEMENT','2026-05-01','2026-05-05',5,'Approved',NULL,'seed','seed',0);
INSERT INTO leave_records(id,badge_number,leave_code,start_date,end_date,days,status,notes,created_by,updated_by,updated_at) VALUES('8128148a-a07f-4bc2-b9f8-b0eb45ee6c0c',1018,'VACATION','2026-12-20','2027-01-05',17,'Denied',NULL,'seed','seed',0);

-- conduct, performance, personnel file & equipment (fictional demo)
INSERT INTO assets(tag,kind,serial,status,created_by,updated_by,updated_at) VALUES('FA-001','Firearm','SN-FA1001','In service','seed','seed',0);
INSERT INTO assets(tag,kind,serial,status,created_by,updated_by,updated_at) VALUES('FA-002','Firearm','SN-FA1002','In service','seed','seed',0);
INSERT INTO assets(tag,kind,serial,status,created_by,updated_by,updated_at) VALUES('FA-003','Firearm','SN-FA1003','In service','seed','seed',0);
INSERT INTO assets(tag,kind,serial,status,created_by,updated_by,updated_at) VALUES('FA-004','Firearm','SN-FA1004','In service','seed','seed',0);
INSERT INTO assets(tag,kind,serial,status,created_by,updated_by,updated_at) VALUES('FA-005','Firearm','SN-FA1005','In service','seed','seed',0);
INSERT INTO assets(tag,kind,serial,status,created_by,updated_by,updated_at) VALUES('FA-006','Firearm','SN-FA1006','In service','seed','seed',0);
INSERT INTO assets(tag,kind,serial,status,created_by,updated_by,updated_at) VALUES('VEH-001','Vehicle','SN-VEH1001','In service','seed','seed',0);
INSERT INTO assets(tag,kind,serial,status,created_by,updated_by,updated_at) VALUES('VEH-002','Vehicle','SN-VEH1002','In service','seed','seed',0);
INSERT INTO assets(tag,kind,serial,status,created_by,updated_by,updated_at) VALUES('VEH-003','Vehicle','SN-VEH1003','Maintenance','seed','seed',0);
INSERT INTO assets(tag,kind,serial,status,created_by,updated_by,updated_at) VALUES('RAD-001','Radio','SN-RAD1001','In service','seed','seed',0);
INSERT INTO assets(tag,kind,serial,status,created_by,updated_by,updated_at) VALUES('RAD-002','Radio','SN-RAD1002','In service','seed','seed',0);
INSERT INTO assets(tag,kind,serial,status,created_by,updated_by,updated_at) VALUES('RAD-003','Radio','SN-RAD1003','In service','seed','seed',0);
INSERT INTO assets(tag,kind,serial,status,created_by,updated_by,updated_at) VALUES('RAD-004','Radio','SN-RAD1004','In service','seed','seed',0);
INSERT INTO assets(tag,kind,serial,status,created_by,updated_by,updated_at) VALUES('RAD-005','Radio','SN-RAD1005','Retired','seed','seed',0);
INSERT INTO assets(tag,kind,serial,status,created_by,updated_by,updated_at) VALUES('BWC-001','Body-Worn Camera','SN-BWC1001','In service','seed','seed',0);
INSERT INTO assets(tag,kind,serial,status,created_by,updated_by,updated_at) VALUES('BWC-002','Body-Worn Camera','SN-BWC1002','In service','seed','seed',0);
INSERT INTO assets(tag,kind,serial,status,created_by,updated_by,updated_at) VALUES('BWC-003','Body-Worn Camera','SN-BWC1003','In service','seed','seed',0);
INSERT INTO assets(tag,kind,serial,status,created_by,updated_by,updated_at) VALUES('BWC-004','Body-Worn Camera','SN-BWC1004','In service','seed','seed',0);
INSERT INTO assets(tag,kind,serial,status,created_by,updated_by,updated_at) VALUES('BWC-005','Body-Worn Camera','SN-BWC1005','In service','seed','seed',0);
INSERT INTO assets(tag,kind,serial,status,created_by,updated_by,updated_at) VALUES('TSR-001','Taser','SN-TSR1001','In service','seed','seed',0);
INSERT INTO assets(tag,kind,serial,status,created_by,updated_by,updated_at) VALUES('TSR-002','Taser','SN-TSR1002','In service','seed','seed',0);
INSERT INTO assets(tag,kind,serial,status,created_by,updated_by,updated_at) VALUES('TSR-003','Taser','SN-TSR1003','In service','seed','seed',0);
INSERT INTO asset_assignments(id,asset_tag,badge_number,issued,returned,created_by,updated_by,updated_at) VALUES('c9994769-0d85-4b60-8211-06bd764451db','FA-001',1011,'2026-01-15',NULL,'seed','seed',0);
INSERT INTO asset_assignments(id,asset_tag,badge_number,issued,returned,created_by,updated_by,updated_at) VALUES('2afb6b0d-cb80-48ac-85f6-d85c515ff229','FA-002',1013,'2026-01-15',NULL,'seed','seed',0);
INSERT INTO asset_assignments(id,asset_tag,badge_number,issued,returned,created_by,updated_by,updated_at) VALUES('fa36c019-670e-4878-826a-9c369d87edaf','FA-003',1015,'2026-01-15',NULL,'seed','seed',0);
INSERT INTO asset_assignments(id,asset_tag,badge_number,issued,returned,created_by,updated_by,updated_at) VALUES('31ae3590-fad8-493e-abb4-7dac13617893','FA-004',1020,'2026-01-15',NULL,'seed','seed',0);
INSERT INTO asset_assignments(id,asset_tag,badge_number,issued,returned,created_by,updated_by,updated_at) VALUES('458f2089-9b19-4576-a6e8-0d513690b8ec','VEH-001',1011,'2026-01-15',NULL,'seed','seed',0);
INSERT INTO asset_assignments(id,asset_tag,badge_number,issued,returned,created_by,updated_by,updated_at) VALUES('3d5181a9-6c0d-45e6-aa90-bf18351ff2c0','VEH-002',1009,'2026-01-15',NULL,'seed','seed',0);
INSERT INTO asset_assignments(id,asset_tag,badge_number,issued,returned,created_by,updated_by,updated_at) VALUES('37dccc00-be6a-4e19-8791-945ef15a3ea6','RAD-001',1011,'2026-01-15',NULL,'seed','seed',0);
INSERT INTO asset_assignments(id,asset_tag,badge_number,issued,returned,created_by,updated_by,updated_at) VALUES('7d9b26b6-7f56-45d3-b6d6-73b882c572b9','RAD-002',1013,'2026-01-15',NULL,'seed','seed',0);
INSERT INTO asset_assignments(id,asset_tag,badge_number,issued,returned,created_by,updated_by,updated_at) VALUES('a0e24627-0458-4310-880e-a41e4ef6246e','BWC-001',1011,'2026-01-15',NULL,'seed','seed',0);
INSERT INTO asset_assignments(id,asset_tag,badge_number,issued,returned,created_by,updated_by,updated_at) VALUES('7435f29e-ee4d-4fca-be1d-e56fc8ed2440','BWC-002',1013,'2026-01-15',NULL,'seed','seed',0);
INSERT INTO asset_assignments(id,asset_tag,badge_number,issued,returned,created_by,updated_by,updated_at) VALUES('e9108726-f580-4031-9f10-abd612065944','BWC-003',1020,'2026-01-15',NULL,'seed','seed',0);
INSERT INTO asset_assignments(id,asset_tag,badge_number,issued,returned,created_by,updated_by,updated_at) VALUES('7cc9e30c-9de3-4076-a174-c6a4745e2e0e','TSR-001',1015,'2026-01-15',NULL,'seed','seed',0);
INSERT INTO asset_assignments(id,asset_tag,badge_number,issued,returned,created_by,updated_by,updated_at) VALUES('958ce955-55d9-4b87-8ed8-22d9bbeba7d2','FA-005',1013,'2025-03-01','2026-01-10','seed','seed',0);
INSERT INTO performance_reviews(id,badge_number,period,rating,reviewer,summary,created_by,updated_by,updated_at) VALUES('e2edaae7-cb58-4ab1-9a50-3f023a0ed306',1005,'2025-H2',4,'Insp. P. Sandhu','Strong platoon leadership; improve report timeliness.','seed','seed',0);
INSERT INTO performance_reviews(id,badge_number,period,rating,reviewer,summary,created_by,updated_by,updated_at) VALUES('c9227b9b-8ed5-42cb-b5cb-ab238250ee18',1007,'2025-H2',5,'S/Sgt T. Boudreau','Exemplary community engagement.','seed','seed',0);
INSERT INTO performance_reviews(id,badge_number,period,rating,reviewer,summary,created_by,updated_by,updated_at) VALUES('b3341b3c-9958-46f2-8684-62dd7f60d3a2',1011,'2026-H1',3,'Sgt J. Okemow','Meets expectations; recommend de-escalation refresher.','seed','seed',0);
INSERT INTO performance_reviews(id,badge_number,period,rating,reviewer,summary,created_by,updated_by,updated_at) VALUES('60239275-2e57-4801-a5a8-d7eab13e1357',1013,'2026-H1',4,'Sgt J. Okemow','Reliable patrol work; mentoring newer constables.','seed','seed',0);
INSERT INTO performance_reviews(id,badge_number,period,rating,reviewer,summary,created_by,updated_by,updated_at) VALUES('417f8a4d-de79-4c35-a374-14f4871014f5',1015,'2025-H2',2,'S/Sgt C. Macpherson','Below expectations on evidence handling; PIP in place.','seed','seed',0);
INSERT INTO performance_reviews(id,badge_number,period,rating,reviewer,summary,created_by,updated_by,updated_at) VALUES('7788c265-4da6-47ba-a434-651ca3212d2a',1020,'2026-H1',4,'Sgt A. Gill','Consistent traffic enforcement results.','seed','seed',0);
INSERT INTO conduct_records(id,badge_number,type,opened,status,disposition,summary,created_by,updated_by,updated_at) VALUES('793ce901-e788-4faf-b40b-260aa5c2847a',1015,'Complaint','2026-05-20','Under Review',NULL,'Public complaint re: conduct during traffic stop.','seed','seed',0);
INSERT INTO conduct_records(id,badge_number,type,opened,status,disposition,summary,created_by,updated_by,updated_at) VALUES('eee4d00b-79c5-4c14-accb-0592cf571652',1011,'Use of Force','2026-06-02','Closed','Exonerated','Use-of-force report reviewed; within policy.','seed','seed',0);
INSERT INTO conduct_records(id,badge_number,type,opened,status,disposition,summary,created_by,updated_by,updated_at) VALUES('c2bcc44f-099d-47e9-a2c0-81c76644eeaf',1013,'Commendation','2026-04-11','Closed','Founded','Citizen commendation for assistance at collision.','seed','seed',0);
INSERT INTO conduct_records(id,badge_number,type,opened,status,disposition,summary,created_by,updated_by,updated_at) VALUES('e9e89781-261c-445d-84bb-cfaa27779a17',1009,'Internal','2026-06-25','Open',NULL,'Late-report pattern under supervisory review.','seed','seed',0);
INSERT INTO conduct_records(id,badge_number,type,opened,status,disposition,summary,created_by,updated_by,updated_at) VALUES('a7294e28-41c6-4589-bab5-e39d2edcaf2c',1020,'Use of Force','2026-03-30','Closed','Unfounded','Allegation not substantiated.','seed','seed',0);
INSERT INTO emergency_contacts(id,badge_number,name,relationship,phone,created_by,updated_by,updated_at) VALUES('147589e5-9ba8-4017-98c3-271fec4151d8',1011,'Marisol Villareal','Spouse','+52-656-555-0142','seed','seed',0);
INSERT INTO emergency_contacts(id,badge_number,name,relationship,phone,created_by,updated_by,updated_at) VALUES('6304b950-ad9b-4088-9469-8077e618e049',1013,'Ernesto Cázares','Parent','+52-656-555-0198','seed','seed',0);
INSERT INTO emergency_contacts(id,badge_number,name,relationship,phone,created_by,updated_by,updated_at) VALUES('fe1ff68a-be9d-4139-b4a4-9ee3198cf6dc',1015,'Lucía Robles','Spouse','+52-656-555-0177','seed','seed',0);
INSERT INTO emergency_contacts(id,badge_number,name,relationship,phone,created_by,updated_by,updated_at) VALUES('d8927e78-0c5b-4adb-8dd8-3ef69dabb32e',1007,'Rafael Okemow','Sibling','+52-656-555-0110','seed','seed',0);
INSERT INTO emergency_contacts(id,badge_number,name,relationship,phone,created_by,updated_by,updated_at) VALUES('9ffecc1c-1685-4d2f-af9b-166675f3a086',1005,'Teresa Boudreau','Spouse','+52-656-555-0123','seed','seed',0);
INSERT INTO emergency_contacts(id,badge_number,name,relationship,phone,created_by,updated_by,updated_at) VALUES('b694b487-194e-417c-ab09-857e28b84286',1020,'Andrés Aguirre','Parent','+52-656-555-0155','seed','seed',0);
