-- ============================================================
--  Juárez Police Department — FICTIONAL demo/seed data.
--  ALL names, badge numbers, salaries, departments, and neighbourhoods are
--  SYNTHETIC and invented for demonstration only. Any resemblance to real
--  people or units is coincidental. Not real personnel data.
--  Requires hris_schema.sql (CRR tables) to have been run first.
-- ============================================================

-- demo operators (app_user) — fictional
INSERT INTO app_user(id,display_name,pin_hash,active) VALUES('u-coord','Lucía Márquez',NULL,1);
INSERT INTO app_user(id,display_name,pin_hash,active) VALUES('u-planner','Diego Fuentes',NULL,1);
INSERT INTO app_user(id,display_name,pin_hash,active) VALUES('u-analyst','Sofía Herrera',NULL,1);

-- positions
INSERT INTO positions(position_number,title,rank_requirement,term_years,reports_to,detachment,headcount_qty,pay_min,pay_max,job_description,created_by,updated_by,updated_at) VALUES('POS-101','Chief of Police','Chief',5,'Municipal Public Security Council','Zona Centro Headquarters',1,215000,245000,'Provides executive leadership and strategic direction for the Juárez Police Department; accountable to the Municipal Public Security Council for operations, budget, and community trust.','seed','seed',0);
INSERT INTO positions(position_number,title,rank_requirement,term_years,reports_to,detachment,headcount_qty,pay_min,pay_max,job_description,created_by,updated_by,updated_at) VALUES('POS-102','Deputy Chief – Operations','Deputy Chief',5,'POS-101','Zona Centro Headquarters',1,175000,200000,'Oversees all front-line and investigative operations divisions; deputizes for the Chief and leads operational planning, deployment, and inter-agency coordination.','seed','seed',0);
INSERT INTO positions(position_number,title,rank_requirement,term_years,reports_to,detachment,headcount_qty,pay_min,pay_max,job_description,created_by,updated_by,updated_at) VALUES('POS-103','Patrol Inspector','Inspector',4,'POS-102','Zona Centro Headquarters',2,140000,160000,'Commands a patrol division; responsible for shift staffing, performance management of sergeants, and execution of community-policing priorities.','seed','seed',0);
INSERT INTO positions(position_number,title,rank_requirement,term_years,reports_to,detachment,headcount_qty,pay_min,pay_max,job_description,created_by,updated_by,updated_at) VALUES('POS-104','Staff Sergeant – Patrol','Staff Sergeant',4,'POS-103','Anapra District Station',4,120000,135000,'Supervises patrol sergeants and platoon operations; manages scheduling, use-of-force review, and field training oversight for a community station.','seed','seed',0);
INSERT INTO positions(position_number,title,rank_requirement,term_years,reports_to,detachment,headcount_qty,pay_min,pay_max,job_description,created_by,updated_by,updated_at) VALUES('POS-105','Patrol Sergeant','Sergeant',3,'POS-104','Anapra District Station',8,105000,118000,'First-line supervisor for a patrol squad; directs calls for service, mentors constables, and ensures report quality and policy compliance.','seed','seed',0);
INSERT INTO positions(position_number,title,rank_requirement,term_years,reports_to,detachment,headcount_qty,pay_min,pay_max,job_description,created_by,updated_by,updated_at) VALUES('POS-106','Patrol Constable','Constable',5,'POS-105','Anapra District Station',40,72000,102000,'Responds to calls for service, conducts proactive patrol, enforces statutes, and prepares investigative reports and court briefs.','seed','seed',0);
INSERT INTO positions(position_number,title,rank_requirement,term_years,reports_to,detachment,headcount_qty,pay_min,pay_max,job_description,created_by,updated_by,updated_at) VALUES('POS-107','Detective – Major Crimes','Sergeant',3,'POS-103','Zona Centro Headquarters',6,108000,122000,'Leads investigations into homicides, serious assaults, and organized crime; manages evidence, interviews, and Crown disclosure.','seed','seed',0);
INSERT INTO positions(position_number,title,rank_requirement,term_years,reports_to,detachment,headcount_qty,pay_min,pay_max,job_description,created_by,updated_by,updated_at) VALUES('POS-108','School Resource Officer','Constable',3,'POS-105','Zaragoza District Station',5,75000,100000,'Assigned to designated schools to build relationships, deliver safety education, and respond to youth-related incidents.','seed','seed',0);
INSERT INTO positions(position_number,title,rank_requirement,term_years,reports_to,detachment,headcount_qty,pay_min,pay_max,job_description,created_by,updated_by,updated_at) VALUES('POS-109','Traffic Safety Constable','Constable',4,'POS-105','Senecú District Station',10,74000,101000,'Conducts traffic enforcement, collision investigation, and impaired-driving interdiction; supports public-safety campaigns.','seed','seed',0);
INSERT INTO positions(position_number,title,rank_requirement,term_years,reports_to,detachment,headcount_qty,pay_min,pay_max,job_description,created_by,updated_by,updated_at) VALUES('POS-110','Forensic Identification Specialist','Constable',4,'POS-107','Riberas del Bravo Special Operations',3,80000,105000,'Processes major crime scenes, collects and analyzes physical evidence, and provides expert court testimony.','seed','seed',0);
INSERT INTO positions(position_number,title,rank_requirement,term_years,reports_to,detachment,headcount_qty,pay_min,pay_max,job_description,created_by,updated_by,updated_at) VALUES('POS-111','Community Liaison Officer','Constable',2,'POS-104','Anapra District Station',4,73000,99000,'Works with community organizations and vulnerable populations to reduce crime drivers and improve police-community relations.','seed','seed',0);
INSERT INTO positions(position_number,title,rank_requirement,term_years,reports_to,detachment,headcount_qty,pay_min,pay_max,job_description,created_by,updated_by,updated_at) VALUES('POS-112','Recruit Training Sergeant','Sergeant',3,'POS-103','Zona Centro Headquarters',2,106000,119000,'Designs and delivers recruit and in-service training; supervises field-training program and certification standards.','seed','seed',0);

-- officers (fictional)
INSERT INTO officers(badge_number,name,rank,start_date,current_salary,status,created_by,updated_by,updated_at) VALUES(1001,'Alejandra Domínguez','Chief','1996-06-17',232000,'Active','seed','seed',0);
INSERT INTO officers(badge_number,name,rank,start_date,current_salary,status,created_by,updated_by,updated_at) VALUES(1002,'Ricardo Salazar','Deputy Chief','1999-03-01',189000,'Active','seed','seed',0);
INSERT INTO officers(badge_number,name,rank,start_date,current_salary,status,created_by,updated_by,updated_at) VALUES(1003,'Mariana Vega','Inspector','2002-09-12',152000,'Active','seed','seed',0);
INSERT INTO officers(badge_number,name,rank,start_date,current_salary,status,created_by,updated_by,updated_at) VALUES(1004,'Fernando Ríos','Inspector','2003-01-20',148000,'Active','seed','seed',0);
INSERT INTO officers(badge_number,name,rank,start_date,current_salary,status,created_by,updated_by,updated_at) VALUES(1005,'Guadalupe Mendoza','Staff Sergeant','2005-05-09',129000,'Active','seed','seed',0);
INSERT INTO officers(badge_number,name,rank,start_date,current_salary,status,created_by,updated_by,updated_at) VALUES(1006,'Héctor Ballesteros','Staff Sergeant','2006-11-02',126000,'Active','seed','seed',0);
INSERT INTO officers(badge_number,name,rank,start_date,current_salary,status,created_by,updated_by,updated_at) VALUES(1007,'Valeria Ontiveros','Sergeant','2008-04-14',114000,'Active','seed','seed',0);
INSERT INTO officers(badge_number,name,rank,start_date,current_salary,status,created_by,updated_by,updated_at) VALUES(1008,'Sergio Carrasco','Sergeant','2009-07-30',111000,'Active','seed','seed',0);
INSERT INTO officers(badge_number,name,rank,start_date,current_salary,status,created_by,updated_by,updated_at) VALUES(1009,'Diana Cervantes','Sergeant','2010-02-08',116000,'Active','seed','seed',0);
INSERT INTO officers(badge_number,name,rank,start_date,current_salary,status,created_by,updated_by,updated_at) VALUES(1010,'Rodrigo Nájera','Sergeant','2011-10-25',109000,'Active','seed','seed',0);
INSERT INTO officers(badge_number,name,rank,start_date,current_salary,status,created_by,updated_by,updated_at) VALUES(1011,'Paola Escárcega','Constable','2013-06-03',98000,'Active','seed','seed',0);
INSERT INTO officers(badge_number,name,rank,start_date,current_salary,status,created_by,updated_by,updated_at) VALUES(1012,'Iván Quiñones','Constable','2014-08-18',94000,'Active','seed','seed',0);
INSERT INTO officers(badge_number,name,rank,start_date,current_salary,status,created_by,updated_by,updated_at) VALUES(1013,'Lucía Terrazas','Constable','2015-01-12',91000,'Active','seed','seed',0);
INSERT INTO officers(badge_number,name,rank,start_date,current_salary,status,created_by,updated_by,updated_at) VALUES(1014,'Arturo Frías','Constable','2016-09-05',88000,'Active','seed','seed',0);
INSERT INTO officers(badge_number,name,rank,start_date,current_salary,status,created_by,updated_by,updated_at) VALUES(1015,'Brenda Holguín','Constable','2017-03-27',84000,'Active','seed','seed',0);
INSERT INTO officers(badge_number,name,rank,start_date,current_salary,status,created_by,updated_by,updated_at) VALUES(1016,'Manuel Chávez','Constable','2018-11-19',81000,'Active','seed','seed',0);
INSERT INTO officers(badge_number,name,rank,start_date,current_salary,status,created_by,updated_by,updated_at) VALUES(1017,'Karla Bustillos','Constable','2019-05-06',78000,'Active','seed','seed',0);
INSERT INTO officers(badge_number,name,rank,start_date,current_salary,status,created_by,updated_by,updated_at) VALUES(1018,'Óscar Villalobos','Constable','2020-02-24',76000,'Active','seed','seed',0);
INSERT INTO officers(badge_number,name,rank,start_date,current_salary,status,created_by,updated_by,updated_at) VALUES(1019,'Norma Rentería','Constable','2021-07-15',75000,'Active','seed','seed',0);
INSERT INTO officers(badge_number,name,rank,start_date,current_salary,status,created_by,updated_by,updated_at) VALUES(1020,'Javier Aguirre','Constable','2022-01-10',73500,'Active','seed','seed',0);
INSERT INTO officers(badge_number,name,rank,start_date,current_salary,status,created_by,updated_by,updated_at) VALUES(1021,'Cecilia Provencio','Constable','2022-09-08',73000,'Active','seed','seed',0);
INSERT INTO officers(badge_number,name,rank,start_date,current_salary,status,created_by,updated_by,updated_at) VALUES(1022,'Ramón Estrada','Constable','2023-04-17',72500,'Active','seed','seed',0);
INSERT INTO officers(badge_number,name,rank,start_date,current_salary,status,created_by,updated_by,updated_at) VALUES(1023,'Andrea Lozoya','Constable','2023-10-02',72000,'Active','seed','seed',0);
INSERT INTO officers(badge_number,name,rank,start_date,current_salary,status,created_by,updated_by,updated_at) VALUES(1024,'Emilio Caraveo','Constable','2024-06-11',72000,'Active','seed','seed',0);
INSERT INTO officers(badge_number,name,rank,start_date,current_salary,status,created_by,updated_by,updated_at) VALUES(1025,'Patricia Griego','Constable','2024-12-01',72000,'Active','seed','seed',0);
INSERT INTO officers(badge_number,name,rank,start_date,current_salary,status,created_by,updated_by,updated_at) VALUES(1026,'Gerardo Muñoz','Inspector','1989-09-01',155000,'Active','seed','seed',0);
INSERT INTO officers(badge_number,name,rank,start_date,current_salary,status,created_by,updated_by,updated_at) VALUES(1027,'Silvia Delgado','Constable','2015-08-01',79000,'Active','seed','seed',0);

-- assignments (UUID primary keys)
INSERT INTO assignments(id,badge_number,position_number,start_date,end_date,status,created_by,updated_by,updated_at) VALUES('aa70ef3f-159c-47a9-9fdf-e5c4e3028faf',1001,'POS-101','2023-02-01',NULL,'Active','seed','seed',0);
INSERT INTO assignments(id,badge_number,position_number,start_date,end_date,status,created_by,updated_by,updated_at) VALUES('a597bf1b-9b46-4df5-978b-5e321502bbae',1002,'POS-102','2022-06-01',NULL,'Active','seed','seed',0);
INSERT INTO assignments(id,badge_number,position_number,start_date,end_date,status,created_by,updated_by,updated_at) VALUES('f076f34e-092d-4bbb-9eb6-5ee4ebd390f9',1003,'POS-103','2024-01-15',NULL,'Active','seed','seed',0);
INSERT INTO assignments(id,badge_number,position_number,start_date,end_date,status,created_by,updated_by,updated_at) VALUES('884057ba-91fe-4cc4-beab-1ae79ed25311',1004,'POS-103','2023-09-01',NULL,'Active','seed','seed',0);
INSERT INTO assignments(id,badge_number,position_number,start_date,end_date,status,created_by,updated_by,updated_at) VALUES('a26fad0d-2fba-4a0f-aa3b-6c46404da15e',1005,'POS-104','2024-03-01',NULL,'Active','seed','seed',0);
INSERT INTO assignments(id,badge_number,position_number,start_date,end_date,status,created_by,updated_by,updated_at) VALUES('10eecc29-a72a-44c2-9c0c-980bde01f4d8',1006,'POS-104','2023-04-01',NULL,'Active','seed','seed',0);
INSERT INTO assignments(id,badge_number,position_number,start_date,end_date,status,created_by,updated_by,updated_at) VALUES('6402a94e-7990-4374-8b0d-2439dcd6a684',1007,'POS-105','2024-02-01',NULL,'Active','seed','seed',0);
INSERT INTO assignments(id,badge_number,position_number,start_date,end_date,status,created_by,updated_by,updated_at) VALUES('c7254742-1cba-4a4a-ba24-9c1932c63b20',1008,'POS-105','2025-06-01',NULL,'Active','seed','seed',0);
INSERT INTO assignments(id,badge_number,position_number,start_date,end_date,status,created_by,updated_by,updated_at) VALUES('163a6170-4e49-45b6-b6c7-6278ab8a4169',1009,'POS-107','2024-11-01',NULL,'Active','seed','seed',0);
INSERT INTO assignments(id,badge_number,position_number,start_date,end_date,status,created_by,updated_by,updated_at) VALUES('ad63b1c7-2161-4587-8f10-2762b895a377',1010,'POS-112','2025-01-01',NULL,'Active','seed','seed',0);
INSERT INTO assignments(id,badge_number,position_number,start_date,end_date,status,created_by,updated_by,updated_at) VALUES('aaf8b44b-e813-41f2-b046-32e58d8106f0',1011,'POS-106','2023-05-01',NULL,'Active','seed','seed',0);
INSERT INTO assignments(id,badge_number,position_number,start_date,end_date,status,created_by,updated_by,updated_at) VALUES('13d1ae13-5171-4fbd-84ed-3076c7200b5a',1012,'POS-106','2022-02-01',NULL,'Active','seed','seed',0);
INSERT INTO assignments(id,badge_number,position_number,start_date,end_date,status,created_by,updated_by,updated_at) VALUES('bc872199-f240-44eb-99d9-ec71b724b890',1013,'POS-106','2024-07-01',NULL,'Active','seed','seed',0);
INSERT INTO assignments(id,badge_number,position_number,start_date,end_date,status,created_by,updated_by,updated_at) VALUES('6b967b28-0e33-4894-90b1-3fb34ca6e473',1014,'POS-106','2025-03-01',NULL,'Active','seed','seed',0);
INSERT INTO assignments(id,badge_number,position_number,start_date,end_date,status,created_by,updated_by,updated_at) VALUES('83b403e4-4a2e-41ce-8ec7-e29469eb7bb7',1015,'POS-109','2023-01-01',NULL,'Active','seed','seed',0);
INSERT INTO assignments(id,badge_number,position_number,start_date,end_date,status,created_by,updated_by,updated_at) VALUES('ad078bdc-21ef-4779-8c33-3d4cb294eb24',1016,'POS-109','2024-08-01',NULL,'Active','seed','seed',0);
INSERT INTO assignments(id,badge_number,position_number,start_date,end_date,status,created_by,updated_by,updated_at) VALUES('9d2b407b-92d4-4a49-a421-0d7c68a770f2',1017,'POS-110','2024-01-01',NULL,'Active','seed','seed',0);
INSERT INTO assignments(id,badge_number,position_number,start_date,end_date,status,created_by,updated_by,updated_at) VALUES('c0055a5b-8d40-4dac-986f-97c14af96eaf',1018,'POS-108','2024-09-01',NULL,'Active','seed','seed',0);
INSERT INTO assignments(id,badge_number,position_number,start_date,end_date,status,created_by,updated_by,updated_at) VALUES('bdae23e2-6983-40f3-a54d-43b00c0df0be',1019,'POS-108','2023-09-01',NULL,'Active','seed','seed',0);
INSERT INTO assignments(id,badge_number,position_number,start_date,end_date,status,created_by,updated_by,updated_at) VALUES('6057f64a-1a1d-45eb-800b-1dd176adb8c9',1020,'POS-111','2025-01-06',NULL,'Active','seed','seed',0);
INSERT INTO assignments(id,badge_number,position_number,start_date,end_date,status,created_by,updated_by,updated_at) VALUES('9aba33f6-56b2-4e4c-a234-525e2ff17cd1',1021,'POS-111','2025-02-01',NULL,'Active','seed','seed',0);
INSERT INTO assignments(id,badge_number,position_number,start_date,end_date,status,created_by,updated_by,updated_at) VALUES('90081835-87ca-4732-b425-877e3111408e',1022,'POS-107','2024-12-01',NULL,'Active','seed','seed',0);
INSERT INTO assignments(id,badge_number,position_number,start_date,end_date,status,created_by,updated_by,updated_at) VALUES('e3361c7d-b4e8-4aea-b637-3b8329f2ea18',1023,'POS-112','2025-03-01',NULL,'Active','seed','seed',0);
INSERT INTO assignments(id,badge_number,position_number,start_date,end_date,status,created_by,updated_by,updated_at) VALUES('94a125ee-3fe6-47f0-b048-25cd5eb91efe',1024,'POS-106','2024-02-01',NULL,'Active','seed','seed',0);
INSERT INTO assignments(id,badge_number,position_number,start_date,end_date,status,created_by,updated_by,updated_at) VALUES('b01c0208-8645-49bb-b287-599fda8fa2e8',1025,'POS-106','2025-01-13',NULL,'Active','seed','seed',0);
INSERT INTO assignments(id,badge_number,position_number,start_date,end_date,status,created_by,updated_by,updated_at) VALUES('27754a8d-c08d-4fb3-96b8-e3cd20cb53a3',1011,'POS-108','2015-06-01',NULL,'Completed','seed','seed',0);
INSERT INTO assignments(id,badge_number,position_number,start_date,end_date,status,created_by,updated_by,updated_at) VALUES('227a86af-f56c-4074-b0b7-809c99ce8ed7',1012,'POS-111','2016-01-01',NULL,'Completed','seed','seed',0);
INSERT INTO assignments(id,badge_number,position_number,start_date,end_date,status,created_by,updated_by,updated_at) VALUES('84e93bdf-6f61-4518-8d95-61a1f3a308cd',1007,'POS-105','2018-01-01',NULL,'Completed','seed','seed',0);
INSERT INTO assignments(id,badge_number,position_number,start_date,end_date,status,created_by,updated_by,updated_at) VALUES('fd17aca7-de14-40ff-b836-f6c91171fddf',1009,'POS-106','2010-01-01',NULL,'Transferred','seed','seed',0);
INSERT INTO assignments(id,badge_number,position_number,start_date,end_date,status,created_by,updated_by,updated_at) VALUES('ecf7ee7c-6b00-42ae-9acb-7a09cd303b66',1004,'POS-106','2008-04-01',NULL,'Transferred','seed','seed',0);
INSERT INTO assignments(id,badge_number,position_number,start_date,end_date,status,created_by,updated_by,updated_at) VALUES('e1aa741b-6d9c-45cd-8c41-db2b45e57f70',1026,'POS-103','1998-09-01',NULL,'Retired','seed','seed',0);
INSERT INTO assignments(id,badge_number,position_number,start_date,end_date,status,created_by,updated_by,updated_at) VALUES('b21bbf44-04e5-4c03-a97a-e927377b86d6',1027,'POS-106','2019-08-01',NULL,'Fired','seed','seed',0);

-- recruitment (fictional demo)
INSERT INTO competitions(id,position_number,opened,closes,status,created_by,updated_by,updated_at) VALUES('0d49f4a9-109c-44ef-a91f-9528ad4fa776','POS-106','2026-05-01','2026-08-01','Open','seed','seed',0);
INSERT INTO competitions(id,position_number,opened,closes,status,created_by,updated_by,updated_at) VALUES('a4751acf-3df6-4c46-91d6-a654480b1d6d','POS-109','2026-06-01','2026-09-01','Open','seed','seed',0);
INSERT INTO applicants(id,name,email,phone,source,created_by,updated_by,updated_at) VALUES('1472aeb8-ba03-4560-84e8-10f114e7dc89','Rosa Villareal','rvillareal@example.mx',NULL,'Job fair','seed','seed',0);
INSERT INTO applications(id,competition_id,applicant_id,stage,applied_date,notes,created_by,updated_by,updated_at) VALUES('4b318065-2780-4c7a-a719-2601326d3921','0d49f4a9-109c-44ef-a91f-9528ad4fa776','1472aeb8-ba03-4560-84e8-10f114e7dc89','Applied','2026-06-15',NULL,'seed','seed',0);
INSERT INTO applicants(id,name,email,phone,source,created_by,updated_by,updated_at) VALUES('ded29524-069f-4047-a747-6548a6582d28','Emiliano Cázares','ecazares@example.mx',NULL,'Referral','seed','seed',0);
INSERT INTO applications(id,competition_id,applicant_id,stage,applied_date,notes,created_by,updated_by,updated_at) VALUES('6d071c53-91c1-4a38-a46b-747b6475442e','0d49f4a9-109c-44ef-a91f-9528ad4fa776','ded29524-069f-4047-a747-6548a6582d28','Screening','2026-06-15',NULL,'seed','seed',0);
INSERT INTO applicants(id,name,email,phone,source,created_by,updated_by,updated_at) VALUES('640fca71-5075-4468-a466-86b098a82207','Daniela Prieto','dprieto@example.mx',NULL,'Website','seed','seed',0);
INSERT INTO applications(id,competition_id,applicant_id,stage,applied_date,notes,created_by,updated_by,updated_at) VALUES('a074c080-0fe1-4476-873f-f583556bdc21','0d49f4a9-109c-44ef-a91f-9528ad4fa776','640fca71-5075-4468-a466-86b098a82207','Interview','2026-06-15',NULL,'seed','seed',0);
INSERT INTO applicants(id,name,email,phone,source,created_by,updated_by,updated_at) VALUES('22fb8b45-caf0-4b4c-8be9-84315f0e3141','Ismael Robles','irobles@example.mx',NULL,'Academy','seed','seed',0);
INSERT INTO applications(id,competition_id,applicant_id,stage,applied_date,notes,created_by,updated_by,updated_at) VALUES('c75f5d60-cf82-449e-ac56-7e92deca3774','a4751acf-3df6-4c46-91d6-a654480b1d6d','22fb8b45-caf0-4b4c-8be9-84315f0e3141','Background','2026-06-15',NULL,'seed','seed',0);
INSERT INTO applicants(id,name,email,phone,source,created_by,updated_by,updated_at) VALUES('e381b25c-c305-4b2d-8993-24c159fa6d73','Fabiola Meraz','fmeraz@example.mx',NULL,'Website','seed','seed',0);
INSERT INTO applications(id,competition_id,applicant_id,stage,applied_date,notes,created_by,updated_by,updated_at) VALUES('ef1cedc9-474a-4d06-9d78-a442240f8b60','a4751acf-3df6-4c46-91d6-a654480b1d6d','e381b25c-c305-4b2d-8993-24c159fa6d73','Offer','2026-06-15',NULL,'seed','seed',0);
INSERT INTO applicants(id,name,email,phone,source,created_by,updated_by,updated_at) VALUES('dec50d04-876c-49b8-a4a7-8a8877ae0b42','Tomás Escobedo','tescobedo@example.mx',NULL,'Referral','seed','seed',0);
INSERT INTO applications(id,competition_id,applicant_id,stage,applied_date,notes,created_by,updated_by,updated_at) VALUES('bea93e47-1b68-4420-bfaa-d54d50a91fa9','0d49f4a9-109c-44ef-a91f-9528ad4fa776','dec50d04-876c-49b8-a4a7-8a8877ae0b42','Hired','2026-06-15',NULL,'seed','seed',0);
INSERT INTO applicants(id,name,email,phone,source,created_by,updated_by,updated_at) VALUES('8ba7f2f0-a612-4944-925c-609e3b2ca70a','Lorena Adame','ladame@example.mx',NULL,'Job fair','seed','seed',0);
INSERT INTO applications(id,competition_id,applicant_id,stage,applied_date,notes,created_by,updated_by,updated_at) VALUES('c4a9f658-88a1-4941-8f16-0c9f10cfccfc','a4751acf-3df6-4c46-91d6-a654480b1d6d','8ba7f2f0-a612-4944-925c-609e3b2ca70a','Rejected','2026-06-15',NULL,'seed','seed',0);
